<?xml version="1.0" encoding="windows-1252"?>
<Collection name="Google Maps" guid="{B6DFC80D-0694-4130-A74F-3E3F4906E4CA}" system="No" updatable="Yes" blockNavigatorNode="No">
	<HelpLink></HelpLink>
	<Help>The Addons within this collection use the Google Maps API.</Help>
	<Addon name="Get Latitude and Longitude" guid="{0DB460EE-CBFA-4343-A3C4-08199228E985}" type="Add-on">
		<Copy></Copy>
		<CopyText></CopyText>
		<ActiveXProgramID></ActiveXProgramID>
		<DotNetClass></DotNetClass>
		<ArgumentList><![CDATA[Address]]></ArgumentList>
		<AsAjax>No</AsAjax>
		<Filter>No</Filter>
		<Help><![CDATA[<p>Returns the Latitude and Longitude of the given address using Google's Geo Mapping service<br></p><p>example: 210 Wirt Street SW, Leesburg, Virginia 20175</p><p>returns: 39.1133800&nbsp;&nbsp; -77.5668050</p><p>Returned vaule is ^ (<span style="visibility: visible;" id="main"><span style="visibility: visible;" id="search"><span style="font-style: italic;">carrot</span></span></span>) delimited<br></p>]]></Help>
		<HelpLink></HelpLink>
		<Icon Link="" width="0" height="0" sprites="0" />
		<InIframe>No</InIframe>
		<BlockEditTools>No</BlockEditTools>
		<FormXML></FormXML>
		<IsInline>No</IsInline>
		<JavascriptOnLoad></JavascriptOnLoad>
		<JavascriptInHead></JavascriptInHead>
		<JavascriptBodyEnd></JavascriptBodyEnd>
		<MetaDescription></MetaDescription>
		<OtherHeadTags></OtherHeadTags>
		<Content>No</Content>
		<Template>No</Template>
		<Email>No</Email>
		<Admin>No</Admin>
		<OnPageEndEvent>No</OnPageEndEvent>
		<OnPageStartEvent>No</OnPageStartEvent>
		<OnBodyStart>No</OnBodyStart>
		<OnBodyEnd>No</OnBodyEnd>
		<RemoteMethod>Yes</RemoteMethod>
		<ProcessRunOnce>No</ProcessRunOnce>
		<ProcessInterval>0</ProcessInterval>
		<PageTitle></PageTitle>
		<RemoteAssetLink></RemoteAssetLink>
		<Styles></Styles>
		<Scripting Language="VBScript" EntryPoint="getContent" Timeout="5000">
			<Code><![CDATA[option Explicit

function getContent()
	'
	If err.number <> 0 then
		call CP.Site.ErrorReport("Error entering googleMaps.Get Latitude and Longitude.getContent")
	End if
	If cp.utils.encodeBoolean(CP.Site.TrapErrors) then
		On Error Resume Next
	End if
	'
	dim defaultValue
	dim stream
	dim address
	dim objHttp
	dim serviceURL
	dim serviceResponse
	dim objXML
	dim geometryNode
	dim modAddress
	dim pointer
	'
	defaultValue = "0^0"
	address = cp.doc.var("address")
	'
	if address <> "" then
		'
		modAddress = kmaEncodeURL(address)
		'
		set objHttp = createObject("kmaHTTP3.HTTPClass")
		if isObject(objHttp) then
			serviceURL = "http://maps.googleapis.com/maps/api/geocode/xml?address=" & modAddress & "&sensor=false"
			serviceResponse = objHttp.getURL(cstr(serviceURL))
		end if
		set objHttp = nothing
		'
		if cInt(instr(serviceResponse, "<status>OK</status>")) <> 0 then
			set objXML = createObject("MSXML2.DOMDocument")
			if isObject(objXML) then
				Call objXML.loadXML(serviceResponse)
	            		If objXML.hasChildNodes Then
					for pointer = 0 To objXML.getElementsByTagName("geometry").item(0).childNodes.length - 1
						if objXML.getElementsByTagName("geometry").item(0).childNodes(pointer).nodename = "location" then
							stream = stream & objXML.getElementsByTagName("geometry").item(0).childNodes(pointer).childNodes.item(0).Text & "^"
							stream = stream & objXML.getElementsByTagName("geometry").item(0).childNodes(pointer).childNodes.item(1).Text
						end if
					next
				end if
			end if
			set objXML = nothing
		end if
	end if
	'
	if stream = "" then
		stream = defaultValue
	end if
	'
	getContent = stream
	'
	If err.number <> 0 then
		call CP.Site.ErrorReport("Error exiting googleMaps.Get Latitude and Longitude.getContent")
	End if
	'
end function
'
Function kmaEncodeURL(Source)
	'
	If err.number <> 0 then
		call CP.Site.ErrorReport("Error entering googleMaps.kmaEncodeURL.getContent")
	End if
	If cp.utils.encodeBoolean(CP.Site.TrapErrors) then
		On Error Resume Next
	End if
	'
    	Dim LeftSide
    	Dim RightSide
	    '
	    kmaEncodeURL = Source
	    If Source <> "" Then
	        kmaEncodeURL = Replace(kmaEncodeURL, "#", " ")
	        kmaEncodeURL = Replace(kmaEncodeURL, "%", "%25")
	        '
	        kmaEncodeURL = Replace(kmaEncodeURL, """", "%22")
	        kmaEncodeURL = Replace(kmaEncodeURL, " ", "%20")
	        kmaEncodeURL = Replace(kmaEncodeURL, "$", "%24")
	        kmaEncodeURL = Replace(kmaEncodeURL, "+", "%2B")
	        kmaEncodeURL = Replace(kmaEncodeURL, ",", "%2C")
	        kmaEncodeURL = Replace(kmaEncodeURL, ";", "%3B")
	        kmaEncodeURL = Replace(kmaEncodeURL, "<", "%3C")
	        kmaEncodeURL = Replace(kmaEncodeURL, "=", "%3D")
	        kmaEncodeURL = Replace(kmaEncodeURL, ">", "%3E")
	        kmaEncodeURL = Replace(kmaEncodeURL, "@", "%40")
		'
	end if
	'
	If err.number <> 0 then
		call CP.Site.ErrorReport("Error exiting googleMaps.kmaEncodeURL.getContent")
	End if
	'
End Function]]></Code>
		</Scripting>
	</Addon>
	<Addon name="Google Map" guid="{27F9A06C-C97E-4D62-B8E2-795C8CD56733}" type="Add-on">
		<Copy></Copy>
		<CopyText></CopyText>
		<ActiveXProgramID></ActiveXProgramID>
		<DotNetClass></DotNetClass>
		<ArgumentList><![CDATA[Base Latitude Longitude
Longitude Latitude List
Map Width
Map Height
Zoom]]></ArgumentList>
		<AsAjax>No</AsAjax>
		<Filter>No</Filter>
		<Help><![CDATA[<p>This addon displays a map from the Google API. It also places pins on the map based on the coordinates given in the arguments.</p><p>To return coordinates from an address, use the add-on Get Latitude and Longitude.</p><p>To see a sample of hoe the map works and understand how to call it, use the add-on Google Map Test.<br></p>]]></Help>
		<HelpLink></HelpLink>
		<Icon Link="" width="0" height="0" sprites="0" />
		<InIframe>No</InIframe>
		<BlockEditTools>No</BlockEditTools>
		<FormXML></FormXML>
		<IsInline>No</IsInline>
		<JavascriptOnLoad><![CDATA[initialize()]]></JavascriptOnLoad>
		<JavascriptInHead></JavascriptInHead>
		<JavascriptBodyEnd></JavascriptBodyEnd>
		<MetaDescription></MetaDescription>
		<OtherHeadTags><![CDATA[<script type="text/javascript"
    src="http://maps.google.com/maps/api/js?sensor=false">
</script>]]></OtherHeadTags>
		<Content>No</Content>
		<Template>No</Template>
		<Email>No</Email>
		<Admin>No</Admin>
		<OnPageEndEvent>No</OnPageEndEvent>
		<OnPageStartEvent>No</OnPageStartEvent>
		<OnBodyStart>No</OnBodyStart>
		<OnBodyEnd>No</OnBodyEnd>
		<RemoteMethod>No</RemoteMethod>
		<ProcessRunOnce>No</ProcessRunOnce>
		<ProcessInterval>0</ProcessInterval>
		<PageTitle></PageTitle>
		<RemoteAssetLink></RemoteAssetLink>
		<Styles></Styles>
		<Scripting Language="" EntryPoint="getContent" Timeout="5000">
			<Code><![CDATA[function getContent()

	dim stream

  	stream = "function initialize() {"
    	stream = stream & " var baseLatLng = new google.maps.LatLng(" & cp.doc.var("Base Latitude Longitude") & ");"
	stream = stream & " var myOptions = {"
      	stream = stream & " 	zoom: " & cp.Doc.Var("Zoom") & ","
      	stream = stream & " 	center: baseLatLng,"
      	stream = stream & " 	mapTypeId: google.maps.MapTypeId.ROADMAP"
    	stream = stream & " };"
   	stream = stream & " var map = new google.maps.Map(document.getElementById(""map_canvas""),myOptions);"
	stream = stream & getPinScripts()
	stream = stream & "}"
	call cp.Doc.AddHeadJavascript(stream)

	stream = "<div id=""map_canvas"" style=""width:" & cp.doc.var("Map Width") & "; height:" & cp.doc.var("Map Height") & """></div>"

	getContent = stream

end function

function getPinScripts()

	dim stream
	dim listString
	dim rowArr
	dim rowArrCount
	dim rowArrPointer
	dim valueArr
	dim valueArrCount
	dim valueArrPointer

	dim latVal
	dim lonVal
	dim capVal

	listString = cp.doc.var("Longitude Latitude List")

	if listString <> "" then
		if instr(listString, vbcrlf) <> 0 then
			rowArr = split(listString, vbcrlf)
			rowArrCount = uBound(rowArr)
			for rowArrPointer = 0 to rowArrCount
				if instr(rowArr(rowArrPointer), "^") then
					valueArr = split(rowArr(rowArrPointer), "^")
					valueArrCount = uBound(valueArr)
					if valueArrCount = 2 then
						latVal = valueArr(0)
						lonVal = valueArr(1)
						capVal = valueArr(2)
					else
						latVal = valueArr(0)
						lonVal = valueArr(1)
					end if
					stream = stream & "var latlng" & rowArrPointer & " = new google.maps.LatLng(" & latVal & "," & lonVal & ");"
    					stream = stream & "var marker" & rowArrPointer & " = new google.maps.Marker({"
        				stream = stream & "	position: latlng" & rowArrPointer  & ","
        				stream = stream & "	title:""" & capVal & """"
    					stream = stream & "});"
					stream = stream & "marker" & rowArrPointer & ".setMap(map);"
				end if
			next
		else
			if instr(listString, "^") then
				valueArr = split(listString, "^")
				valueArrCount = uBound(valueArr)
				if valueArrCount = 2 then
					latVal = valueArr(0)
					lonVal = valueArr(1)
					capVal = valueArr(2)
				else
					latVal = valueArr(0)
					lonVal = valueArr(1)
				end if
				stream = stream & "var latlng0 = new google.maps.LatLng(" & latVal & "," & lonVal & ");"
    				stream = stream & "var marker0 = new google.maps.Marker({"
        			stream = stream & "	position: latlng0,"
        			stream = stream & "	title:""" & capVal & """"
    				stream = stream & "});"
				stream = stream & "marker0.setMap(map);"
			end if
		end if
	end if

	getPinScripts = stream

end function]]></Code>
		</Scripting>
	</Addon>
	<Addon name="Google Map Test" guid="{7EBA771C-9778-444C-81C6-4DBD34C9EBB5}" type="Add-on">
		<Copy></Copy>
		<CopyText></CopyText>
		<ActiveXProgramID></ActiveXProgramID>
		<DotNetClass></DotNetClass>
		<ArgumentList></ArgumentList>
		<AsAjax>No</AsAjax>
		<Filter>No</Filter>
		<Help></Help>
		<HelpLink></HelpLink>
		<Icon Link="" width="0" height="0" sprites="0" />
		<InIframe>No</InIframe>
		<BlockEditTools>No</BlockEditTools>
		<FormXML></FormXML>
		<IsInline>No</IsInline>
		<JavascriptOnLoad></JavascriptOnLoad>
		<JavascriptInHead></JavascriptInHead>
		<JavascriptBodyEnd></JavascriptBodyEnd>
		<MetaDescription></MetaDescription>
		<OtherHeadTags></OtherHeadTags>
		<Content>No</Content>
		<Template>No</Template>
		<Email>No</Email>
		<Admin>No</Admin>
		<OnPageEndEvent>No</OnPageEndEvent>
		<OnPageStartEvent>No</OnPageStartEvent>
		<OnBodyStart>No</OnBodyStart>
		<OnBodyEnd>No</OnBodyEnd>
		<RemoteMethod>No</RemoteMethod>
		<ProcessRunOnce>No</ProcessRunOnce>
		<ProcessInterval>0</ProcessInterval>
		<PageTitle></PageTitle>
		<RemoteAssetLink></RemoteAssetLink>
		<Styles></Styles>
		<Scripting Language="VBScript" EntryPoint="getContent" Timeout="5000">
			<Code><![CDATA[function getContent

	dim valString

	valstring = "46.2276380^2.2137490^This is the caption for the first pin" & vbcrlf
	valstring = valstring & "61.5240100^105.3187560^This is the caption for the second pin" & vbcrlf
	valstring = valstring & "30.5851640^36.2384140^This is the caption for the third pin" & vbcrlf
	valstring = valstring & "0^60^This is the caption for the third pin" & vbcrlf
	valstring = valstring & "39.117616^-77.565296^HERE WE ARE!"

	cp.doc.Var("Base Latitude Longitude") = "0,0"
	cp.doc.Var("Map Width") = "600px"
	cp.doc.Var("Map Height") = "300px"
	cp.doc.Var("Zoom") = "1"
	cp.doc.Var("Longitude Latitude List") = valString

	getContent = cp.Utils.ExecuteAddon("Google Map")

end function
]]></Code>
		</Scripting>
	</Addon>
</Collection>